Workbook

Sheet Resumen
A1: Planilla de producción — @tetociencia
A2: Semanas del 2026-10-06 al 2026-11-04 · 3 videos por semana · TikTok, Instagram Reels y YouTube Shorts · hora de CDMX (UTC-6, sin horario de verano)
A3: Generada con npm run planilla el 2026-10-02 a partir de projects/_autopilot/history.json y docs/10_DISTRIBUCION.md (§2.3 calendario, §4 validación).
A5: Cómo usarla
A6: 1. Celdas amarillas = se editan a mano. Celdas grises = fórmulas (se recalculan solas).
A7: 2. Calendario: una fila por publicación. Si mueves una fecha, la columna Regla avisa si se rompe la separación entre videos.
A8: 3. Estado = Aprobado autoriza al script de subida (npm run upload -- --due) a publicar esa fila a su hora; luego marca Publicado y pega el enlace.
A9: 4. Producción: plazos de cada episodio calculados hacia atrás desde su estreno en TikTok; en rojo los vencidos.
A10: 5. Seguimiento: anota las métricas a la 1 h y a las 48 h de cada publicación (docs/10 §4).
A11: 6. Reglas: semana tipo, separaciones y plazos. Si cambias un parámetro, todo se recalcula.
A13: Estado del plan
A14: Publicaciones planificadas | B14: =COUNTA(Calendario!$E$5:$E$300) -> 36
A15: Aprobadas para subir | B15: =COUNTIF(Calendario!$O$5:$O$300,"Aprobado") -> 0
A16: Publicadas | B16: =COUNTIF(Calendario!$O$5:$O$300,"Publicado") -> 0
A17: Avisos de separación (Regla = Revisar) | B17: =COUNTIF(Calendario!$K$5:$K$300,"Revisar") -> 0
A18: Episodios en el plan | B18: =COUNTA(Producción!$C$5:$C$300) -> 12
A19: Episodios con video final listo o aprobado | B19: =COUNTIF(Producción!$P$5:$P$300,"Video final listo")+COUNTIF(Producción!$P$5:$P$300,"Aprobado") -> 1
A21: Semana tipo (hora CDMX)
A22: Bloque | B22: TikTok (estreno) | C22: Instagram Reels (+1 día) | D22: YouTube Shorts (+2–3 días)
A23: A | B23: mar 19:30 | C23: mié 13:00 | D23: vie 17:00
A24: B | B24: jue 19:30 | C24: vie 13:00 | D24: sáb 17:00
A25: C | B25: dom 10:30 | C25: lun 13:00 (semana sig.) | D25: mié 17:00 (semana sig.)
A26: Prueba A/B desde la semana 3: TikTok de los bloques A y B a las 13:00 (docs/10 §4.2).
A27: Noticias de menos de 48 h: publicar en las tres plataformas en cuanto el video esté aprobado (excepción de actualidad, docs/10 §2.3).

Sheet Calendario
A1: Calendario de publicación (hora CDMX)
A2: TikTok primero; Reels al día siguiente; Shorts 2–3 días después; nunca dos videos en menos de 24 h en la misma plataforma.
A3: Amarillo = editable (fecha, estado, enlace, notas). Gris = fórmula. Estado «Aprobado» = el script de subida puede publicar la fila a su hora.
A4: Semana | B4: Bloque | C4: Fecha y hora (CDMX) | D4: Día | E4: Plataforma | F4: Episodio | G4: Título | H4: Tipo | I4: Horas desde el video anterior (misma plataforma) | J4: Horas desde el estreno en TikTok | K4: Regla | L4: Bogotá / Lima | M4: Buenos Aires | N4: Madrid | O4: Estado | P4: Enlace | Q4: Notas
A5: 1 | B5: A | C5: 46301.812 | D5: =CHOOSE(WEEKDAY(C5,2),"lunes","martes","miércoles","jueves","viernes","sábado","domingo") -> martes | E5: TikTok | F5: ep_20261001_openai_openai_cancelo_gpt_6_1_as | G5: OpenAI canceló GPT-6.1 Astra por seguridad | H5: Noticia | I5: =IF(COUNTIFS($E$5:$E$300,E5,$C$5:$C$300,"<"&C5)=0,"—",ROUND((C5-SUMPRODUCT(MAX(($E$5:$E$300=E5)*($C$5:$C$300<C5)*$C$5:$C$300)))*24,1)) -> — | J5: =IF(E5="TikTok","—",ROUND((C5-SUMIFS($C$5:$C$300,$F$5:$F$300,F5,$E$5:$E$300,"TikTok"))*24,1)) -> — | K5: =IF(AND(OR(I5="—",N(I5)>=Reglas!$C$11),OR(E5="TikTok",AND(N(J5)>=IF(E5="Instagram Reels",Reglas!$C$12,Reglas!$C$14),N(J5)<=IF(E5="Instagram Reels",Reglas!$C$13,Reglas!$C$15)))),"OK","Revisar") -> OK | L5: =C5+1/24 -> 46301.854 | M5: =C5+3/24 -> 46301.938 | N5: =C5+IF(C5<DATE(2026,10,24)+TIME(19,0,0),8,7)/24 -> 46302.146 | O5: Pendiente | Q5: Noticia: si el video está aprobado antes, publicar ya en las tres plataformas.
A6: 1 | B6: A | C6: 46302.542 | D6: =CHOOSE(WEEKDAY(C6,2),"lunes","martes","miércoles","jueves","viernes","sábado","domingo") -> miércoles | E6: Instagram Reels | F6: ep_20261001_openai_openai_cancelo_gpt_6_1_as | G6: OpenAI canceló GPT-6.1 Astra por seguridad | H6: Noticia | I6: =IF(COUNTIFS($E$5:$E$300,E6,$C$5:$C$300,"<"&C6)=0,"—",ROUND((C6-SUMPRODUCT(MAX(($E$5:$E$300=E6)*($C$5:$C$300<C6)*$C$5:$C$300)))*24,1)) -> — | J6: =IF(E6="TikTok","—",ROUND((C6-SUMIFS($C$5:$C$300,$F$5:$F$300,F6,$E$5:$E$300,"TikTok"))*24,1)) -> 17.5 | K6: =IF(AND(OR(I6="—",N(I6)>=Reglas!$C$11),OR(E6="TikTok",AND(N(J6)>=IF(E6="Instagram Reels",Reglas!$C$12,Reglas!$C$14),N(J6)<=IF(E6="Instagram Reels",Reglas!$C$13,Reglas!$C$15)))),"OK","Revisar") -> OK | L6: =C6+1/24 -> 46302.583 | M6: =C6+3/24 -> 46302.667 | N6: =C6+IF(C6<DATE(2026,10,24)+TIME(19,0,0),8,7)/24 -> 46302.875 | O6: Pendiente
A7: 1 | B7: B | C7: 46303.812 | D7: =CHOOSE(WEEKDAY(C7,2),"lunes","martes","miércoles","jueves","viernes","sábado","domingo") -> jueves | E7: TikTok | F7: ep_20261001_github_agentes_de_ia_filtraron_1 | G7: Agentes de IA filtraron 13.000 capturas en GitHub | H7: Noticia | I7: =IF(COUNTIFS($E$5:$E$300,E7,$C$5:$C$300,"<"&C7)=0,"—",ROUND((C7-SUMPRODUCT(MAX(($E$5:$E$300=E7)*($C$5:$C$300<C7)*$C$5:$C$300)))*24,1)) -> 48 | J7: =IF(E7="TikTok","—",ROUND((C7-SUMIFS($C$5:$C$300,$F$5:$F$300,F7,$E$5:$E$300,"TikTok"))*24,1)) -> — | K7: =IF(AND(OR(I7="—",N(I7)>=Reglas!$C$11),OR(E7="TikTok",AND(N(J7)>=IF(E7="Instagram Reels",Reglas!$C$12,Reglas!$C$14),N(J7)<=IF(E7="Instagram Reels",Reglas!$C$13,Reglas!$C$15)))),"OK","Revisar") -> OK | L7: =C7+1/24 -> 46303.854 | M7: =C7+3/24 -> 46303.938 | N7: =C7+IF(C7<DATE(2026,10,24)+TIME(19,0,0),8,7)/24 -> 46304.146 | O7: Pendiente | Q7: Noticia: si el video está aprobado antes, publicar ya en las tres plataformas.
A8: 1 | B8: B | C8: 46304.542 | D8: =CHOOSE(WEEKDAY(C8,2),"lunes","martes","miércoles","jueves","viernes","sábado","domingo") -> viernes | E8: Instagram Reels | F8: ep_20261001_github_agentes_de_ia_filtraron_1 | G8: Agentes de IA filtraron 13.000 capturas en GitHub | H8: Noticia | I8: =IF(COUNTIFS($E$5:$E$300,E8,$C$5:$C$300,"<"&C8)=0,"—",ROUND((C8-SUMPRODUCT(MAX(($E$5:$E$300=E8)*($C$5:$C$300<C8)*$C$5:$C$300)))*24,1)) -> 48 | J8: =IF(E8="TikTok","—",ROUND((C8-SUMIFS($C$5:$C$300,$F$5:$F$300,F8,$E$5:$E$300,"TikTok"))*24,1)) -> 17.5 | K8: =IF(AND(OR(I8="—",N(I8)>=Reglas!$C$11),OR(E8="TikTok",AND(N(J8)>=IF(E8="Instagram Reels",Reglas!$C$12,Reglas!$C$14),N(J8)<=IF(E8="Instagram Reels",Reglas!$C$13,Reglas!$C$15)))),"OK","Revisar") -> OK | L8: =C8+1/24 -> 46304.583 | M8: =C8+3/24 -> 46304.667 | N8: =C8+IF(C8<DATE(2026,10,24)+TIME(19,0,0),8,7)/24 -> 46304.875 | O8: Pendiente
A9: 1 | B9: A | C9: 46304.708 | D9: =CHOOSE(WEEKDAY(C9,2),"lunes","martes","miércoles","jueves","viernes","sábado","domingo") -> viernes | E9: YouTube Shorts | F9: ep_20261001_openai_openai_cancelo_gpt_6_1_as | G9: OpenAI canceló GPT-6.1 Astra por seguridad | H9: Noticia | I9: =IF(COUNTIFS($E$5:$E$300,E9,$C$5:$C$300,"<"&C9)=0,"—",ROUND((C9-SUMPRODUCT(MAX(($E$5:$E$300=E9)*($C$5:$C$300<C9)*$C$5:$C$300)))*24,1)) -> — | J9: =IF(E9="TikTok","—",ROUND((C9-SUMIFS($C$5:$C$300,$F$5:$F$300,F9,$E$5:$E$300,"TikTok"))*24,1)) -> 69.5 | K9: =IF(AND(OR(I9="—",N(I9)>=Reglas!$C$11),OR(E9="TikTok",AND(N(J9)>=IF(E9="Instagram Reels",Reglas!$C$12,Reglas!$C$14),N(J9)<=IF(E9="Instagram Reels",Reglas!$C$13,Reglas!$C$15)))),"OK","Revisar") -> OK | L9: =C9+1/24 -> 46304.75 | M9: =C9+3/24 -> 46304.833 | N9: =C9+IF(C9<DATE(2026,10,24)+TIME(19,0,0),8,7)/24 -> 46305.042 | O9: Pendiente
A10: 1 | B10: B | C10: 46305.708 | D10: =CHOOSE(WEEKDAY(C10,2),"lunes","martes","miércoles","jueves","viernes","sábado","domingo") -> sábado | E10: YouTube Shorts | F10: ep_20261001_github_agentes_de_ia_filtraron_1 | G10: Agentes de IA filtraron 13.000 capturas en GitHub | H10: Noticia | I10: =IF(COUNTIFS($E$5:$E$300,E10,$C$5:$C$300,"<"&C10)=0,"—",ROUND((C10-SUMPRODUCT(MAX(($E$5:$E$300=E10)*($C$5:$C$300<C10)*$C$5:$C$300)))*24,1)) -> 24 | J10: =IF(E10="TikTok","—",ROUND((C10-SUMIFS($C$5:$C$300,$F$5:$F$300,F10,$E$5:$E$300,"TikTok"))*24,1)) -> 45.5 | K10: =IF(AND(OR(I10="—",N(I10)>=Reglas!$C$11),OR(E10="TikTok",AND(N(J10)>=IF(E10="Instagram Reels",Reglas!$C$12,Reglas!$C$14),N(J10)<=IF(E10="Instagram Reels",Reglas!$C$13,Reglas!$C$15)))),"OK","Revisar") -> OK | L10: =C10+1/24 -> 46305.75 | M10: =C10+3/24 -> 46305.833 | N10: =C10+IF(C10<DATE(2026,10,24)+TIME(19,0,0),8,7)/24 -> 46306.042 | O10: Pendiente
A11: 1 | B11: C | C11: 46306.438 | D11: =CHOOSE(WEEKDAY(C11,2),"lunes","martes","miércoles","jueves","viernes","sábado","domingo") -> domingo | E11: TikTok | F11: ep_20261001_meta_la_ia_de_meta_dio_la_direcc | G11: La IA de Meta dio la dirección de un vendedor | H11: Noticia | I11: =IF(COUNTIFS($E$5:$E$300,E11,$C$5:$C$300,"<"&C11)=0,"—",ROUND((C11-SUMPRODUCT(MAX(($E$5:$E$300=E11)*($C$5:$C$300<C11)*$C$5:$C$300)))*24,1)) -> 63 | J11: =IF(E11="TikTok","—",ROUND((C11-SUMIFS($C$5:$C$300,$F$5:$F$300,F11,$E$5:$E$300,"TikTok"))*24,1)) -> — | K11: =IF(AND(OR(I11="—",N(I11)>=Reglas!$C$11),OR(E11="TikTok",AND(N(J11)>=IF(E11="Instagram Reels",Reglas!$C$12,Reglas!$C$14),N(J11)<=IF(E11="Instagram Reels",Reglas!$C$13,Reglas!$C$15)))),"OK","Revisar") -> OK | L11: =C11+1/24 -> 46306.479 | M11: =C11+3/24 -> 46306.562 | N11: =C11+IF(C11<DATE(2026,10,24)+TIME(19,0,0),8,7)/24 -> 46306.771 | O11: Pendiente | Q11: Noticia: si el video está aprobado antes, publicar ya en las tres plataformas.
A12: 1 | B12: C | C12: 46307.542 | D12: =CHOOSE(WEEKDAY(C12,2),"lunes","martes","miércoles","jueves","viernes","sábado","domingo") -> lunes | E12: Instagram Reels | F12: ep_20261001_meta_la_ia_de_meta_dio_la_direcc | G12: La IA de Meta dio la dirección de un vendedor | H12: Noticia | I12: =IF(COUNTIFS($E$5:$E$300,E12,$C$5:$C$300,"<"&C12)=0,"—",ROUND((C12-SUMPRODUCT(MAX(($E$5:$E$300=E12)*($C$5:$C$300<C12)*$C$5:$C$300)))*24,1)) -> 72 | J12: =IF(E12="TikTok","—",ROUND((C12-SUMIFS($C$5:$C$300,$F$5:$F$300,F12,$E$5:$E$300,"TikTok"))*24,1)) -> 26.5 | K12: =IF(AND(OR(I12="—",N(I12)>=Reglas!$C$11),OR(E12="TikTok",AND(N(J12)>=IF(E12="Instagram Reels",Reglas!$C$12,Reglas!$C$14),N(J12)<=IF(E12="Instagram Reels",Reglas!$C$13,Reglas!$C$15)))),"OK","Revisar") -> OK | L12: =C12+1/24 -> 46307.583 | M12: =C12+3/24 -> 46307.667 | N12: =C12+IF(C12<DATE(2026,10,24)+TIME(19,0,0),8,7)/24 -> 46307.875 | O12: Pendiente
A13: 2 | B13: A | C13: 46308.812 | D13: =CHOOSE(WEEKDAY(C13,2),"lunes","martes","miércoles","jueves","viernes","sábado","domingo") -> martes | E13: TikTok | F13: ep_20261002_alphago | G13: AlphaGo vs Lee Sedol | H13: Evergreen | I13: =IF(COUNTIFS($E$5:$E$300,E13,$C$5:$C$300,"<"&C13)=0,"—",ROUND((C13-SUMPRODUCT(MAX(($E$5:$E$300=E13)*($C$5:$C$300<C13)*$C$5:$C$300)))*24,1)) -> 57 | J13: =IF(E13="TikTok","—",ROUND((C13-SUMIFS($C$5:$C$300,$F$5:$F$300,F13,$E$5:$E$300,"TikTok"))*24,1)) -> — | K13: =IF(AND(OR(I13="—",N(I13)>=Reglas!$C$11),OR(E13="TikTok",AND(N(J13)>=IF(E13="Instagram Reels",Reglas!$C$12,Reglas!$C$14),N(J13)<=IF(E13="Instagram Reels",Reglas!$C$13,Reglas!$C$15)))),"OK","Revisar") -> OK | L13: =C13+1/24 -> 46308.854 | M13: =C13+3/24 -> 46308.938 | N13: =C13+IF(C13<DATE(2026,10,24)+TIME(19,0,0),8,7)/24 -> 46309.146 | O13: Pendiente
A14: 2 | B14: A | C14: 46309.542 | D14: =CHOOSE(WEEKDAY(C14,2),"lunes","martes","miércoles","jueves","viernes","sábado","domingo") -> miércoles | E14: Instagram Reels | F14: ep_20261002_alphago | G14: AlphaGo vs Lee Sedol | H14: Evergreen | I14: =IF(COUNTIFS($E$5:$E$300,E14,$C$5:$C$300,"<"&C14)=0,"—",ROUND((C14-SUMPRODUCT(MAX(($E$5:$E$300=E14)*($C$5:$C$300<C14)*$C$5:$C$300)))*24,1)) -> 48 | J14: =IF(E14="TikTok","—",ROUND((C14-SUMIFS($C$5:$C$300,$F$5:$F$300,F14,$E$5:$E$300,"TikTok"))*24,1)) -> 17.5 | K14: =IF(AND(OR(I14="—",N(I14)>=Reglas!$C$11),OR(E14="TikTok",AND(N(J14)>=IF(E14="Instagram Reels",Reglas!$C$12,Reglas!$C$14),N(J14)<=IF(E14="Instagram Reels",Reglas!$C$13,Reglas!$C$15)))),"OK","Revisar") -> OK | L14: =C14+1/24 -> 46309.583 | M14: =C14+3/24 -> 46309.667 | N14: =C14+IF(C14<DATE(2026,10,24)+TIME(19,0,0),8,7)/24 -> 46309.875 | O14: Pendiente
A15: 1 | B15: C | C15: 46309.708 | D15: =CHOOSE(WEEKDAY(C15,2),"lunes","martes","miércoles","jueves","viernes","sábado","domingo") -> miércoles | E15: YouTube Shorts | F15: ep_20261001_meta_la_ia_de_meta_dio_la_direcc | G15: La IA de Meta dio la dirección de un vendedor | H15: Noticia | I15: =IF(COUNTIFS($E$5:$E$300,E15,$C$5:$C$300,"<"&C15)=0,"—",ROUND((C15-SUMPRODUCT(MAX(($E$5:$E$300=E15)*($C$5:$C$300<C15)*$C$5:$C$300)))*24,1)) -> 96 | J15: =IF(E15="TikTok","—",ROUND((C15-SUMIFS($C$5:$C$300,$F$5:$F$300,F15,$E$5:$E$300,"TikTok"))*24,1)) -> 78.5 | K15: =IF(AND(OR(I15="—",N(I15)>=Reglas!$C$11),OR(E15="TikTok",AND(N(J15)>=IF(E15="Instagram Reels",Reglas!$C$12,Reglas!$C$14),N(J15)<=IF(E15="Instagram Reels",Reglas!$C$13,Reglas!$C$15)))),"OK","Revisar") -> OK | L15: =C15+1/24 -> 46309.75 | M15: =C15+3/24 -> 46309.833 | N15: =C15+IF(C15<DATE(2026,10,24)+TIME(19,0,0),8,7)/24 -> 46310.042 | O15: Pendiente
A16: 2 | B16: B | C16: 46310.812 | D16: =CHOOSE(WEEKDAY(C16,2),"lunes","martes","miércoles","jueves","viernes","sábado","domingo") -> jueves | E16: TikTok | F16: ep_20261002_crowdstrike_2024 | G16: La caída de CrowdStrike | H16: Evergreen | I16: =IF(COUNTIFS($E$5:$E$300,E16,$C$5:$C$300,"<"&C16)=0,"—",ROUND((C16-SUMPRODUCT(MAX(($E$5:$E$300=E16)*($C$5:$C$300<C16)*$C$5:$C$300)))*24,1)) -> 48 | J16: =IF(E16="TikTok","—",ROUND((C16-SUMIFS($C$5:$C$300,$F$5:$F$300,F16,$E$5:$E$300,"TikTok"))*24,1)) -> — | K16: =IF(AND(OR(I16="—",N(I16)>=Reglas!$C$11),OR(E16="TikTok",AND(N(J16)>=IF(E16="Instagram Reels",Reglas!$C$12,Reglas!$C$14),N(J16)<=IF(E16="Instagram Reels",Reglas!$C$13,Reglas!$C$15)))),"OK","Revisar") -> OK | L16: =C16+1/24 -> 46310.854 | M16: =C16+3/24 -> 46310.938 | N16: =C16+IF(C16<DATE(2026,10,24)+TIME(19,0,0),8,7)/24 -> 46311.146 | O16: Pendiente
A17: 2 | B17: B | C17: 46311.542 | D17: =CHOOSE(WEEKDAY(C17,2),"lunes","martes","miércoles","jueves","viernes","sábado","domingo") -> viernes | E17: Instagram Reels | F17: ep_20261002_crowdstrike_2024 | G17: La caída de CrowdStrike | H17: Evergreen | I17: =IF(COUNTIFS($E$5:$E$300,E17,$C$5:$C$300,"<"&C17)=0,"—",ROUND((C17-SUMPRODUCT(MAX(($E$5:$E$300=E17)*($C$5:$C$300<C17)*$C$5:$C$300)))*24,1)) -> 48 | J17: =IF(E17="TikTok","—",ROUND((C17-SUMIFS($C$5:$C$300,$F$5:$F$300,F17,$E$5:$E$300,"TikTok"))*24,1)) -> 17.5 | K17: =IF(AND(OR(I17="—",N(I17)>=Reglas!$C$11),OR(E17="TikTok",AND(N(J17)>=IF(E17="Instagram Reels",Reglas!$C$12,Reglas!$C$14),N(J17)<=IF(E17="Instagram Reels",Reglas!$C$13,Reglas!$C$15)))),"OK","Revisar") -> OK | L17: =C17+1/24 -> 46311.583 | M17: =C17+3/24 -> 46311.667 | N17: =C17+IF(C17<DATE(2026,10,24)+TIME(19,0,0),8,7)/24 -> 46311.875 | O17: Pendiente
A18: 2 | B18: A | C18: 46311.708 | D18: =CHOOSE(WEEKDAY(C18,2),"lunes","martes","miércoles","jueves","viernes","sábado","domingo") -> viernes | E18: YouTube Shorts | F18: ep_20261002_alphago | G18: AlphaGo vs Lee Sedol | H18: Evergreen | I18: =IF(COUNTIFS($E$5:$E$300,E18,$C$5:$C$300,"<"&C18)=0,"—",ROUND((C18-SUMPRODUCT(MAX(($E$5:$E$300=E18)*($C$5:$C$300<C18)*$C$5:$C$300)))*24,1)) -> 48 | J18: =IF(E18="TikTok","—",ROUND((C18-SUMIFS($C$5:$C$300,$F$5:$F$300,F18,$E$5:$E$300,"TikTok"))*24,1)) -> 69.5 | K18: =IF(AND(OR(I18="—",N(I18)>=Reglas!$C$11),OR(E18="TikTok",AND(N(J18)>=IF(E18="Instagram Reels",Reglas!$C$12,Reglas!$C$14),N(J18)<=IF(E18="Instagram Reels",Reglas!$C$13,Reglas!$C$15)))),"OK","Revisar") -> OK | L18: =C18+1/24 -> 46311.75 | M18: =C18+3/24 -> 46311.833 | N18: =C18+IF(C18<DATE(2026,10,24)+TIME(19,0,0),8,7)/24 -> 46312.042 | O18: Pendiente
A19: 2 | B19: B | C19: 46312.708 | D19: =CHOOSE(WEEKDAY(C19,2),"lunes","martes","miércoles","jueves","viernes","sábado","domingo") -> sábado | E19: YouTube Shorts | F19: ep_20261002_crowdstrike_2024 | G19: La caída de CrowdStrike | H19: Evergreen | I19: =IF(COUNTIFS($E$5:$E$300,E19,$C$5:$C$300,"<"&C19)=0,"—",ROUND((C19-SUMPRODUCT(MAX(($E$5:$E$300=E19)*($C$5:$C$300<C19)*$C$5:$C$300)))*24,1)) -> 24 | J19: =IF(E19="TikTok","—",ROUND((C19-SUMIFS($C$5:$C$300,$F$5:$F$300,F19,$E$5:$E$300,"TikTok"))*24,1)) -> 45.5 | K19: =IF(AND(OR(I19="—",N(I19)>=Reglas!$C$11),OR(E19="TikTok",AND(N(J19)>=IF(E19="Instagram Reels",Reglas!$C$12,Reglas!$C$14),N(J19)<=IF(E19="Instagram Reels",Reglas!$C$13,Reglas!$C$15)))),"OK","Revisar") -> OK | L19: =C19+1/24 -> 46312.75 | M19: =C19+3/24 -> 46312.833 | N19: =C19+IF(C19<DATE(2026,10,24)+TIME(19,0,0),8,7)/24 -> 46313.042 | O19: Pendiente
A20: 2 | B20: C | C20: 46313.438 | D20: =CHOOSE(WEEKDAY(C20,2),"lunes","martes","miércoles","jueves","viernes","sábado","domingo") -> domingo | E20: TikTok | F20: ep_20261002_open_weights | G20: Modelos abiertos vs cerrados | H20: Evergreen | I20: =IF(COUNTIFS($E$5:$E$300,E20,$C$5:$C$300,"<"&C20)=0,"—",ROUND((C20-SUMPRODUCT(MAX(($E$5:$E$300=E20)*($C$5:$C$300<C20)*$C$5:$C$300)))*24,1)) -> 63 | J20: =IF(E20="TikTok","—",ROUND((C20-SUMIFS($C$5:$C$300,$F$5:$F$300,F20,$E$5:$E$300,"TikTok"))*24,1)) -> — | K20: =IF(AND(OR(I20="—",N(I20)>=Reglas!$C$11),OR(E20="TikTok",AND(N(J20)>=IF(E20="Instagram Reels",Reglas!$C$12,Reglas!$C$14),N(J20)<=IF(E20="Instagram Reels",Reglas!$C$13,Reglas!$C$15)))),"OK","Revisar") -> OK | L20: =C20+1/24 -> 46313.479 | M20: =C20+3/24 -> 46313.562 | N20: =C20+IF(C20<DATE(2026,10,24)+TIME(19,0,0),8,7)/24 -> 46313.771 | O20: Pendiente
A21: 2 | B21: C | C21: 46314.542 | D21: =CHOOSE(WEEKDAY(C21,2),"lunes","martes","miércoles","jueves","viernes","sábado","domingo") -> lunes | E21: Instagram Reels | F21: ep_20261002_open_weights | G21: Modelos abiertos vs cerrados | H21: Evergreen | I21: =IF(COUNTIFS($E$5:$E$300,E21,$C$5:$C$300,"<"&C21)=0,"—",ROUND((C21-SUMPRODUCT(MAX(($E$5:$E$300=E21)*($C$5:$C$300<C21)*$C$5:$C$300)))*24,1)) -> 72 | J21: =IF(E21="TikTok","—",ROUND((C21-SUMIFS($C$5:$C$300,$F$5:$F$300,F21,$E$5:$E$300,"TikTok"))*24,1)) -> 26.5 | K21: =IF(AND(OR(I21="—",N(I21)>=Reglas!$C$11),OR(E21="TikTok",AND(N(J21)>=IF(E21="Instagram Reels",Reglas!$C$12,Reglas!$C$14),N(J21)<=IF(E21="Instagram Reels",Reglas!$C$13,Reglas!$C$15)))),"OK","Revisar") -> OK | L21: =C21+1/24 -> 46314.583 | M21: =C21+3/24 -> 46314.667 | N21: =C21+IF(C21<DATE(2026,10,24)+TIME(19,0,0),8,7)/24 -> 46314.875 | O21: Pendiente
A22: 3 | B22: A | C22: 46315.542 | D22: =CHOOSE(WEEKDAY(C22,2),"lunes","martes","miércoles","jueves","viernes","sábado","domingo") -> martes | E22: TikTok | F22: ep_20261015_deep_blue | G22: Deep Blue vs Kaspárov (prueba A/B 13:00) | H22: Sugerido | I22: =IF(COUNTIFS($E$5:$E$300,E22,$C$5:$C$300,"<"&C22)=0,"—",ROUND((C22-SUMPRODUCT(MAX(($E$5:$E$300=E22)*($C$5:$C$300<C22)*$C$5:$C$300)))*24,1)) -> 50.5 | J22: =IF(E22="TikTok","—",ROUND((C22-SUMIFS($C$5:$C$300,$F$5:$F$300,F22,$E$5:$E$300,"TikTok"))*24,1)) -> — | K22: =IF(AND(OR(I22="—",N(I22)>=Reglas!$C$11),OR(E22="TikTok",AND(N(J22)>=IF(E22="Instagram Reels",Reglas!$C$12,Reglas!$C$14),N(J22)<=IF(E22="Instagram Reels",Reglas!$C$13,Reglas!$C$15)))),"OK","Revisar") -> OK | L22: =C22+1/24 -> 46315.583 | M22: =C22+3/24 -> 46315.667 | N22: =C22+IF(C22<DATE(2026,10,24)+TIME(19,0,0),8,7)/24 -> 46315.875 | O22: Pendiente
A23: 3 | B23: A | C23: 46316.542 | D23: =CHOOSE(WEEKDAY(C23,2),"lunes","martes","miércoles","jueves","viernes","sábado","domingo") -> miércoles | E23: Instagram Reels | F23: ep_20261015_deep_blue | G23: Deep Blue vs Kaspárov | H23: Sugerido | I23: =IF(COUNTIFS($E$5:$E$300,E23,$C$5:$C$300,"<"&C23)=0,"—",ROUND((C23-SUMPRODUCT(MAX(($E$5:$E$300=E23)*($C$5:$C$300<C23)*$C$5:$C$300)))*24,1)) -> 48 | J23: =IF(E23="TikTok","—",ROUND((C23-SUMIFS($C$5:$C$300,$F$5:$F$300,F23,$E$5:$E$300,"TikTok"))*24,1)) -> 24 | K23: =IF(AND(OR(I23="—",N(I23)>=Reglas!$C$11),OR(E23="TikTok",AND(N(J23)>=IF(E23="Instagram Reels",Reglas!$C$12,Reglas!$C$14),N(J23)<=IF(E23="Instagram Reels",Reglas!$C$13,Reglas!$C$15)))),"OK","Revisar") -> OK | L23: =C23+1/24 -> 46316.583 | M23: =C23+3/24 -> 46316.667 | N23: =C23+IF(C23<DATE(2026,10,24)+TIME(19,0,0),8,7)/24 -> 46316.875 | O23: Pendiente
... A40: 4 | B40: C | C40: 46330.708 | D40: =CHOOSE(WEEKDAY(C40,2),"lunes","martes","miércoles","jueves","viernes","sábado","domingo") -> miércoles | E40: YouTube Shorts | F40: ep_20261022_left_pad | G40: El caso left-pad | H40: Sugerido | I40: =IF(COUNTIFS($E$5:$E$300,E40,$C$5:$C$300,"<"&C40)=0,"—",ROUND((C40-SUMPRODUCT(MAX(($E$5:$E$300=E40)*($C$5:$C$300<C40)*$C$5:$C$300)))*24,1)) -> 96 | J40: =IF(E40="TikTok","—",ROUND((C40-SUMIFS($C$5:$C$300,$F$5:$F$300,F40,$E$5:$E$300,"TikTok"))*24,1)) -> 78.5 | K40: =IF(AND(OR(I40="—",N(I40)>=Reglas!$C$11),OR(E40="TikTok",AND(N(J40)>=IF(E40="Instagram Reels",Reglas!$C$12,Reglas!$C$14),N(J40)<=IF(E40="Instagram Reels",Reglas!$C$13,Reglas!$C$15)))),"OK","Revisar") -> OK | L40: =C40+1/24 -> 46330.75 | M40: =C40+3/24 -> 46330.833 | N40: =C40+IF(C40<DATE(2026,10,24)+TIME(19,0,0),8,7)/24 -> 46331 | O40: Pendiente

Sheet Producción
A1: Producción por episodio: plazos hacia atrás desde el estreno en TikTok
A2: Los plazos usan los días de Reglas (C18–C22). En rojo: plazo vencido sin llegar a esa etapa.
A3: Flujo: guion (revisión humana) → prototipo de baja resolución → voces Fish Audio → render final + QA → aprobación → publicación.
A4: Semana | B4: Bloque | C4: Episodio | D4: Título | E4: Tipo | F4: Formato | G4: Elenco | H4: Escenario | I4: Duración (s) | J4: Estreno TikTok | K4: Guion aprobado | L4: Voces (Fish Audio) | M4: Render final + QA | N4: Aprobación final | O4: Métricas 48 h | P4: Estado | Q4: Prototipo / video | R4: Notas | S4: Etapa
A5: 1 | B5: A | C5: ep_20261001_openai_openai_cancelo_gpt_6_1_as | D5: OpenAI canceló GPT-6.1 Astra por seguridad | E5: Noticia | F5: news_explainer | G5: miku, luka | J5: =IF(SUMIFS(Calendario!$C$5:$C$300,Calendario!$F$5:$F$300,C5,Calendario!$E$5:$E$300,"TikTok")=0,"",SUMIFS(Calendario!$C$5:$C$300,Calendario!$F$5:$F$300,C5,Calendario!$E$5:$E$300,"TikTok")) -> 46301.812 | K5: =IF($J5="","",INT($J5)-Reglas!$C$18) -> 46297 | L5: =IF($J5="","",INT($J5)-Reglas!$C$19) -> 46298 | M5: =IF($J5="","",INT($J5)-Reglas!$C$20) -> 46299 | N5: =IF($J5="","",INT($J5)-Reglas!$C$21) -> 46300 | O5: =IF($J5="","",INT($J5)-Reglas!$C$22) -> 46303 | P5: Video final listo | R5: Rótulo: OpenAI canceló su nueva IA: ¿por qué? | S5: =IFERROR(MATCH($P5,{"Sugerido","Guion listo","Prototipo listo","Guion aprobado","Voces grabadas","Video final listo","Aprobado","Publicado"},0)-1,99) -> 5
A6: 1 | B6: B | C6: ep_20261001_github_agentes_de_ia_filtraron_1 | D6: Agentes de IA filtraron 13.000 capturas en GitHub | E6: Noticia | F6: controversy_story | G6: teto, miku, neru (cameo) | H6: oficina | I6: 86.5 | J6: =IF(SUMIFS(Calendario!$C$5:$C$300,Calendario!$F$5:$F$300,C6,Calendario!$E$5:$E$300,"TikTok")=0,"",SUMIFS(Calendario!$C$5:$C$300,Calendario!$F$5:$F$300,C6,Calendario!$E$5:$E$300,"TikTok")) -> 46303.812 | K6: =IF($J6="","",INT($J6)-Reglas!$C$18) -> 46299 | L6: =IF($J6="","",INT($J6)-Reglas!$C$19) -> 46300 | M6: =IF($J6="","",INT($J6)-Reglas!$C$20) -> 46301 | N6: =IF($J6="","",INT($J6)-Reglas!$C$21) -> 46302 | O6: =IF($J6="","",INT($J6)-Reglas!$C$22) -> 46305 | P6: Prototipo listo | Q6: output/ep_20261001_github_agentes_de_ia_filtraron_1/preview.mp4 | R6: Rótulo: GitHub: agentes de IA filtraron capturas | S6: =IFERROR(MATCH($P6,{"Sugerido","Guion listo","Prototipo listo","Guion aprobado","Voces grabadas","Video final listo","Aprobado","Publicado"},0)-1,99) -> 2
A7: 1 | B7: C | C7: ep_20261001_meta_la_ia_de_meta_dio_la_direcc | D7: La IA de Meta dio la dirección de un vendedor | E7: Noticia | F7: myth_vs_fact | G7: teto, luka | H7: konbini | I7: 85.2 | J7: =IF(SUMIFS(Calendario!$C$5:$C$300,Calendario!$F$5:$F$300,C7,Calendario!$E$5:$E$300,"TikTok")=0,"",SUMIFS(Calendario!$C$5:$C$300,Calendario!$F$5:$F$300,C7,Calendario!$E$5:$E$300,"TikTok")) -> 46306.438 | K7: =IF($J7="","",INT($J7)-Reglas!$C$18) -> 46302 | L7: =IF($J7="","",INT($J7)-Reglas!$C$19) -> 46303 | M7: =IF($J7="","",INT($J7)-Reglas!$C$20) -> 46304 | N7: =IF($J7="","",INT($J7)-Reglas!$C$21) -> 46305 | O7: =IF($J7="","",INT($J7)-Reglas!$C$22) -> 46308 | P7: Prototipo listo | Q7: output/ep_20261001_meta_la_ia_de_meta_dio_la_direcc/preview.mp4 | R7: Rótulo: Meta: su IA dio la dirección de un vendedor | S7: =IFERROR(MATCH($P7,{"Sugerido","Guion listo","Prototipo listo","Guion aprobado","Voces grabadas","Video final listo","Aprobado","Publicado"},0)-1,99) -> 2
A8: 2 | B8: A | C8: ep_20261002_alphago | D8: AlphaGo vs Lee Sedol | E8: Evergreen | F8: controversy_story | G8: miku, luka | H8: parque | I8: 73.3 | J8: =IF(SUMIFS(Calendario!$C$5:$C$300,Calendario!$F$5:$F$300,C8,Calendario!$E$5:$E$300,"TikTok")=0,"",SUMIFS(Calendario!$C$5:$C$300,Calendario!$F$5:$F$300,C8,Calendario!$E$5:$E$300,"TikTok")) -> 46308.812 | K8: =IF($J8="","",INT($J8)-Reglas!$C$18) -> 46304 | L8: =IF($J8="","",INT($J8)-Reglas!$C$19) -> 46305 | M8: =IF($J8="","",INT($J8)-Reglas!$C$20) -> 46306 | N8: =IF($J8="","",INT($J8)-Reglas!$C$21) -> 46307 | O8: =IF($J8="","",INT($J8)-Reglas!$C$22) -> 46310 | P8: Prototipo listo | Q8: output/ep_20261002_alphago/preview.mp4 | R8: Rótulo: AlphaGo: la IA que venció al campeón de Go | S8: =IFERROR(MATCH($P8,{"Sugerido","Guion listo","Prototipo listo","Guion aprobado","Voces grabadas","Video final listo","Aprobado","Publicado"},0)-1,99) -> 2
A9: 2 | B9: B | C9: ep_20261002_crowdstrike_2024 | D9: La caída de CrowdStrike | E9: Evergreen | F9: controversy_story | G9: luka, teto | H9: servidores | I9: 80.9 | J9: =IF(SUMIFS(Calendario!$C$5:$C$300,Calendario!$F$5:$F$300,C9,Calendario!$E$5:$E$300,"TikTok")=0,"",SUMIFS(Calendario!$C$5:$C$300,Calendario!$F$5:$F$300,C9,Calendario!$E$5:$E$300,"TikTok")) -> 46310.812 | K9: =IF($J9="","",INT($J9)-Reglas!$C$18) -> 46306 | L9: =IF($J9="","",INT($J9)-Reglas!$C$19) -> 46307 | M9: =IF($J9="","",INT($J9)-Reglas!$C$20) -> 46308 | N9: =IF($J9="","",INT($J9)-Reglas!$C$21) -> 46309 | O9: =IF($J9="","",INT($J9)-Reglas!$C$22) -> 46312 | P9: Prototipo listo | Q9: output/ep_20261002_crowdstrike_2024/preview.mp4 | R9: Rótulo: CrowdStrike: el fallo que tumbó aeropuertos | S9: =IFERROR(MATCH($P9,{"Sugerido","Guion listo","Prototipo listo","Guion aprobado","Voces grabadas","Video final listo","Aprobado","Publicado"},0)-1,99) -> 2
A10: 2 | B10: C | C10: ep_20261002_open_weights | D10: Modelos abiertos vs cerrados | E10: Evergreen | F10: myth_vs_fact | G10: miku, teto, neru (cameo) | H10: habitacion | I10: 78.2 | J10: =IF(SUMIFS(Calendario!$C$5:$C$300,Calendario!$F$5:$F$300,C10,Calendario!$E$5:$E$300,"TikTok")=0,"",SUMIFS(Calendario!$C$5:$C$300,Calendario!$F$5:$F$300,C10,Calendario!$E$5:$E$300,"TikTok")) -> 46313.438 | K10: =IF($J10="","",INT($J10)-Reglas!$C$18) -> 46309 | L10: =IF($J10="","",INT($J10)-Reglas!$C$19) -> 46310 | M10: =IF($J10="","",INT($J10)-Reglas!$C$20) -> 46311 | N10: =IF($J10="","",INT($J10)-Reglas!$C$21) -> 46312 | O10: =IF($J10="","",INT($J10)-Reglas!$C$22) -> 46315 | P10: Prototipo listo | Q10: output/ep_20261002_open_weights/preview.mp4 | R10: Rótulo: ¿IA abierta o cerrada? Cuál es la diferencia | S10: =IFERROR(MATCH($P10,{"Sugerido","Guion listo","Prototipo listo","Guion aprobado","Voces grabadas","Video final listo","Aprobado","Publicado"},0)-1,99) -> 2
A11: 3 | B11: A | C11: ep_20261015_deep_blue | D11: Deep Blue vs Kaspárov | E11: Sugerido | F11: controversy_story | G11: teto, miku, neru (cameo) | H11: parque | J11: =IF(SUMIFS(Calendario!$C$5:$C$300,Calendario!$F$5:$F$300,C11,Calendario!$E$5:$E$300,"TikTok")=0,"",SUMIFS(Calendario!$C$5:$C$300,Calendario!$F$5:$F$300,C11,Calendario!$E$5:$E$300,"TikTok")) -> 46315.542 | K11: =IF($J11="","",INT($J11)-Reglas!$C$18) -> 46311 | L11: =IF($J11="","",INT($J11)-Reglas!$C$19) -> 46312 | M11: =IF($J11="","",INT($J11)-Reglas!$C$20) -> 46313 | N11: =IF($J11="","",INT($J11)-Reglas!$C$21) -> 46314 | O11: =IF($J11="","",INT($J11)-Reglas!$C$22) -> 46317 | P11: Sugerido | R11: Escribir con: npm run autopilot -- --mode evergreen --topic deep_blue | S11: =IFERROR(MATCH($P11,{"Sugerido","Guion listo","Prototipo listo","Guion aprobado","Voces grabadas","Video final listo","Aprobado","Publicado"},0)-1,99) -> 0
A12: 3 | B12: B | C12: ep_20261015_mars_climate_orbiter | D12: La sonda perdida por las unidades | E12: Sugerido | F12: controversy_story | G12: luka, teto, neru (cameo) | H12: oficina | J12: =IF(SUMIFS(Calendario!$C$5:$C$300,Calendario!$F$5:$F$300,C12,Calendario!$E$5:$E$300,"TikTok")=0,"",SUMIFS(Calendario!$C$5:$C$300,Calendario!$F$5:$F$300,C12,Calendario!$E$5:$E$300,"TikTok")) -> 46317.542 | K12: =IF($J12="","",INT($J12)-Reglas!$C$18) -> 46313 | L12: =IF($J12="","",INT($J12)-Reglas!$C$19) -> 46314 | M12: =IF($J12="","",INT($J12)-Reglas!$C$20) -> 46315 | N12: =IF($J12="","",INT($J12)-Reglas!$C$21) -> 46316 | O12: =IF($J12="","",INT($J12)-Reglas!$C$22) -> 46319 | P12: Sugerido | R12: Escribir con: npm run autopilot -- --mode evergreen --topic mars_climate_orbiter | S12: =IFERROR(MATCH($P12,{"Sugerido","Guion listo","Prototipo listo","Guion aprobado","Voces grabadas","Video final listo","Aprobado","Publicado"},0)-1,99) -> 0
A13: 3 | B13: C | C13: ep_20261015_context_window | D13: La ventana de contexto | E13: Sugerido | F13: myth_vs_fact | G13: luka, miku, neru (cameo) | H13: parque | J13: =IF(SUMIFS(Calendario!$C$5:$C$300,Calendario!$F$5:$F$300,C13,Calendario!$E$5:$E$300,"TikTok")=0,"",SUMIFS(Calendario!$C$5:$C$300,Calendario!$F$5:$F$300,C13,Calendario!$E$5:$E$300,"TikTok")) -> 46320.438 | K13: =IF($J13="","",INT($J13)-Reglas!$C$18) -> 46316 | L13: =IF($J13="","",INT($J13)-Reglas!$C$19) -> 46317 | M13: =IF($J13="","",INT($J13)-Reglas!$C$20) -> 46318 | N13: =IF($J13="","",INT($J13)-Reglas!$C$21) -> 46319 | O13: =IF($J13="","",INT($J13)-Reglas!$C$22) -> 46322 | P13: Sugerido | R13: Escribir con: npm run autopilot -- --mode evergreen --topic context_window | S13: =IFERROR(MATCH($P13,{"Sugerido","Guion listo","Prototipo listo","Guion aprobado","Voces grabadas","Video final listo","Aprobado","Publicado"},0)-1,99) -> 0
A14: 4 | B14: A | C14: ep_20261022_vocaloid_tech | D14: ¿Miku es una IA? | E14: Sugerido | F14: myth_vs_fact | G14: miku, luka | H14: parque | J14: =IF(SUMIFS(Calendario!$C$5:$C$300,Calendario!$F$5:$F$300,C14,Calendario!$E$5:$E$300,"TikTok")=0,"",SUMIFS(Calendario!$C$5:$C$300,Calendario!$F$5:$F$300,C14,Calendario!$E$5:$E$300,"TikTok")) -> 46322.542 | K14: =IF($J14="","",INT($J14)-Reglas!$C$18) -> 46318 | L14: =IF($J14="","",INT($J14)-Reglas!$C$19) -> 46319 | M14: =IF($J14="","",INT($J14)-Reglas!$C$20) -> 46320 | N14: =IF($J14="","",INT($J14)-Reglas!$C$21) -> 46321 | O14: =IF($J14="","",INT($J14)-Reglas!$C$22) -> 46324 | P14: Sugerido | R14: Escribir con: npm run autopilot -- --mode evergreen --topic vocaloid_tech | S14: =IFERROR(MATCH($P14,{"Sugerido","Guion listo","Prototipo listo","Guion aprobado","Voces grabadas","Video final listo","Aprobado","Publicado"},0)-1,99) -> 0
A15: 4 | B15: B | C15: ep_20261022_docker | D15: Docker y los contenedores | E15: Sugerido | F15: concept_lesson | G15: teto, miku, luka, neru (cameo) | H15: cafeteria | J15: =IF(SUMIFS(Calendario!$C$5:$C$300,Calendario!$F$5:$F$300,C15,Calendario!$E$5:$E$300,"TikTok")=0,"",SUMIFS(Calendario!$C$5:$C$300,Calendario!$F$5:$F$300,C15,Calendario!$E$5:$E$300,"TikTok")) -> 46324.542 | K15: =IF($J15="","",INT($J15)-Reglas!$C$18) -> 46320 | L15: =IF($J15="","",INT($J15)-Reglas!$C$19) -> 46321 | M15: =IF($J15="","",INT($J15)-Reglas!$C$20) -> 46322 | N15: =IF($J15="","",INT($J15)-Reglas!$C$21) -> 46323 | O15: =IF($J15="","",INT($J15)-Reglas!$C$22) -> 46326 | P15: Sugerido | R15: Escribir con: npm run autopilot -- --mode evergreen --topic docker | S15: =IFERROR(MATCH($P15,{"Sugerido","Guion listo","Prototipo listo","Guion aprobado","Voces grabadas","Video final listo","Aprobado","Publicado"},0)-1,99) -> 0
A16: 4 | B16: C | C16: ep_20261022_left_pad | D16: El caso left-pad | E16: Sugerido | F16: controversy_story | G16: teto, luka | H16: oficina | J16: =IF(SUMIFS(Calendario!$C$5:$C$300,Calendario!$F$5:$F$300,C16,Calendario!$E$5:$E$300,"TikTok")=0,"",SUMIFS(Calendario!$C$5:$C$300,Calendario!$F$5:$F$300,C16,Calendario!$E$5:$E$300,"TikTok")) -> 46327.438 | K16: =IF($J16="","",INT($J16)-Reglas!$C$18) -> 46323 | L16: =IF($J16="","",INT($J16)-Reglas!$C$19) -> 46324 | M16: =IF($J16="","",INT($J16)-Reglas!$C$20) -> 46325 | N16: =IF($J16="","",INT($J16)-Reglas!$C$21) -> 46326 | O16: =IF($J16="","",INT($J16)-Reglas!$C$22) -> 46329 | P16: Sugerido | R16: Escribir con: npm run autopilot -- --mode evergreen --topic left_pad | S16: =IFERROR(MATCH($P16,{"Sugerido","Guion listo","Prototipo listo","Guion aprobado","Voces grabadas","Video final listo","Aprobado","Publicado"},0)-1,99) -> 0

Sheet Seguimiento
A1: Seguimiento de métricas (1 h y 48 h después de publicar)
A2: Una fila por publicación (enlazada al Calendario). Decide con tus datos: TikTok % completo y búsqueda; Instagram envíos y guardados; YouTube % visto (objetivo ≥ 70 %).
A3: Ejemplo de llenado (no se suma): Vistas 1 h 1250 · Vistas 48 h 8400 · % visto 38 % · Tiempo medio 21 s · Me gusta 640 · Comentarios 45 · Compartidos 90 · Guardados 120 · Seguidores 35 · % búsqueda 22 %.
A4: Fecha y hora (CDMX) | B4: Plataforma | C4: Episodio | D4: Estado | E4: Vistas 1 h | F4: Vistas 48 h | G4: % visto completo | H4: Tiempo medio (s) | I4: Me gusta | J4: Comentarios | K4: Compartidos / envíos | L4: Guardados | M4: Seguidores ganados | N4: % tráfico de búsqueda | O4: Interacción 48 h | P4: Notas
A5: =Calendario!C5 -> 46301.812 | B5: =Calendario!E5 -> TikTok | C5: =Calendario!F5 -> ep_20261001_openai_openai_cancelo_gpt_6_1_as | D5: =Calendario!O5 -> Pendiente | O5: =IF(N(F5)>0,(N(I5)+N(J5)+N(K5)+N(L5))/F5,"")
A6: =Calendario!C6 -> 46302.542 | B6: =Calendario!E6 -> Instagram Reels | C6: =Calendario!F6 -> ep_20261001_openai_openai_cancelo_gpt_6_1_as | D6: =Calendario!O6 -> Pendiente | O6: =IF(N(F6)>0,(N(I6)+N(J6)+N(K6)+N(L6))/F6,"")
A7: =Calendario!C7 -> 46303.812 | B7: =Calendario!E7 -> TikTok | C7: =Calendario!F7 -> ep_20261001_github_agentes_de_ia_filtraron_1 | D7: =Calendario!O7 -> Pendiente | O7: =IF(N(F7)>0,(N(I7)+N(J7)+N(K7)+N(L7))/F7,"")
A8: =Calendario!C8 -> 46304.542 | B8: =Calendario!E8 -> Instagram Reels | C8: =Calendario!F8 -> ep_20261001_github_agentes_de_ia_filtraron_1 | D8: =Calendario!O8 -> Pendiente | O8: =IF(N(F8)>0,(N(I8)+N(J8)+N(K8)+N(L8))/F8,"")
A9: =Calendario!C9 -> 46304.708 | B9: =Calendario!E9 -> YouTube Shorts | C9: =Calendario!F9 -> ep_20261001_openai_openai_cancelo_gpt_6_1_as | D9: =Calendario!O9 -> Pendiente | O9: =IF(N(F9)>0,(N(I9)+N(J9)+N(K9)+N(L9))/F9,"")
A10: =Calendario!C10 -> 46305.708 | B10: =Calendario!E10 -> YouTube Shorts | C10: =Calendario!F10 -> ep_20261001_github_agentes_de_ia_filtraron_1 | D10: =Calendario!O10 -> Pendiente | O10: =IF(N(F10)>0,(N(I10)+N(J10)+N(K10)+N(L10))/F10,"")
A11: =Calendario!C11 -> 46306.438 | B11: =Calendario!E11 -> TikTok | C11: =Calendario!F11 -> ep_20261001_meta_la_ia_de_meta_dio_la_direcc | D11: =Calendario!O11 -> Pendiente | O11: =IF(N(F11)>0,(N(I11)+N(J11)+N(K11)+N(L11))/F11,"")
A12: =Calendario!C12 -> 46307.542 | B12: =Calendario!E12 -> Instagram Reels | C12: =Calendario!F12 -> ep_20261001_meta_la_ia_de_meta_dio_la_direcc | D12: =Calendario!O12 -> Pendiente | O12: =IF(N(F12)>0,(N(I12)+N(J12)+N(K12)+N(L12))/F12,"")
A13: =Calendario!C13 -> 46308.812 | B13: =Calendario!E13 -> TikTok | C13: =Calendario!F13 -> ep_20261002_alphago | D13: =Calendario!O13 -> Pendiente | O13: =IF(N(F13)>0,(N(I13)+N(J13)+N(K13)+N(L13))/F13,"")
A14: =Calendario!C14 -> 46309.542 | B14: =Calendario!E14 -> Instagram Reels | C14: =Calendario!F14 -> ep_20261002_alphago | D14: =Calendario!O14 -> Pendiente | O14: =IF(N(F14)>0,(N(I14)+N(J14)+N(K14)+N(L14))/F14,"")
A15: =Calendario!C15 -> 46309.708 | B15: =Calendario!E15 -> YouTube Shorts | C15: =Calendario!F15 -> ep_20261001_meta_la_ia_de_meta_dio_la_direcc | D15: =Calendario!O15 -> Pendiente | O15: =IF(N(F15)>0,(N(I15)+N(J15)+N(K15)+N(L15))/F15,"")
A16: =Calendario!C16 -> 46310.812 | B16: =Calendario!E16 -> TikTok | C16: =Calendario!F16 -> ep_20261002_crowdstrike_2024 | D16: =Calendario!O16 -> Pendiente | O16: =IF(N(F16)>0,(N(I16)+N(J16)+N(K16)+N(L16))/F16,"")
... A40: =Calendario!C40 -> 46330.708 | B40: =Calendario!E40 -> YouTube Shorts | C40: =Calendario!F40 -> ep_20261022_left_pad | D40: =Calendario!O40 -> Pendiente | O40: =IF(N(F40)>0,(N(I40)+N(J40)+N(K40)+N(L40))/F40,"")

Sheet Reglas
A1: Reglas y parámetros
A2: Fuente: docs/10_DISTRIBUCION.md. Las celdas amarillas son parámetros: Calendario y Producción se recalculan al cambiarlas.
B4: Bloque | C4: TikTok | D4: Instagram Reels | E4: YouTube Shorts
B5: A | C5: mar 19:30 | D5: mié 13:00 | E5: vie 17:00
B6: B | C6: jue 19:30 | D6: vie 13:00 | E6: sáb 17:00
B7: C | C7: dom 10:30 | D7: lun 13:00 (semana sig.) | E7: mié 17:00 (semana sig.)
B8: Prueba A/B (docs/10 §4.2): en las semanas de prueba, TikTok de A y B pasa a las 13:00 (mediodía LATAM + prime time en España).
B10: Separación (horas) | C10: Valor
B11: Mínimo entre dos videos de la misma plataforma | C11: 24
B12: Reels: mínimo después del estreno en TikTok | C12: 12
B13: Reels: máximo después del estreno en TikTok | C13: 48
B14: Shorts: mínimo después del estreno en TikTok | C14: 36
B15: Shorts: máximo después del estreno en TikTok | C15: 96
B17: Plazos de producción (días respecto al estreno en TikTok) | C17: Días
B18: Guion aprobado (revisión de hechos, tono y chistes) — días antes | C18: 4
B19: Voces grabadas en Fish Audio + saludo — días antes | C19: 3
B20: Render final 1080x1920 + QA (report.json en PASS) — días antes | C20: 2
B21: Aprobación final y textos de publicación — días antes | C21: 1
B22: Métricas de 48 h — días después (valor negativo) | C22: -2
B24: Otras reglas
B25: • Noticia de menos de 48 h: publicar en las tres plataformas en cuanto el video esté aprobado (la oportunidad pesa más que la franja).
B26: • Publicar 15–30 min antes de la franja objetivo y quedarse 60 min respondiendo comentarios.
B27: • Duración: TikTok 61–90 s (Creator Rewards > 60 s); Reels y Shorts 60–75 s. El motor exige 60–120 s.
B28: • Etiqueta de IA activada en las tres plataformas (voces sintéticas) y «Voces generadas con IA» en la descripción.
B29: • Instagram: máximo 5 hashtags, descripción reescrita (no copiar la de TikTok), música de la biblioteca de Instagram, sin marca de agua ajena.
B30: • YouTube: título sin hashtags (≤ 100 caracteres), 3 hashtags en la descripción, «contenido alterado o sintético» = Sí, playlist de la serie.
B31: • Licencias: si report.json dice commercialUse = blocked, no activar monetización con ese video (docs/09_LICENSING.md).
B32: • Prototipos (preview.mp4, 540x960, voz de borrador): solo para revisión; nunca se publican.
